id,onepiece_name
onepeice_0,1006235_1_500.jpg
onepeice_1,1007468_1_500.jpg
onepeice_2,1018276_1_500.jpg
onepeice_3,1018314_1_500.jpg
onepeice_4,1026351_1_500.jpg
onepeice_5,1033596_1_500.jpg
onepeice_6,1043990_16872266473721_500.jpg
onepeice_7,1044950_16831816788548_500.jpg
onepeice_8,1053797_7_500.jpg
onepeice_9,1053799_6_500.jpg
onepeice_10,1053806_7_500.jpg
onepeice_11,1068268_1_500.jpg
onepeice_12,1071117_1_500.jpg
onepeice_13,1079415_1_500.jpg
onepeice_14,1080265_1_500.jpg
onepeice_15,1081027_1_500.jpg
onepeice_16,1081946_1_500.jpg
onepeice_17,1084562_1_500.jpg
onepeice_18,1084891_1_500.jpg
onepeice_19,1087574_1_500.jpg
onepeice_20,1088247_1_500.jpg
onepeice_21,1103286_16856871261801_500.jpg
onepeice_22,1122512_1_500.jpg
onepeice_23,1122517_1_500.jpg
onepeice_24,1122928_1_500.jpg
onepeice_25,1132993_6_500.jpg
onepeice_26,1137762_2_500.jpg
onepeice_27,1139673_1_500.jpg
onepeice_28,1149632_1_500.jpg
onepeice_29,1149771_1_500.jpg
onepeice_30,1150538_1_500.jpg
onepeice_31,1152868_1_500.jpg
onepeice_32,1171584_1_500.jpg
onepeice_33,1181936_1_500.jpg
onepeice_34,1200038_1_500.jpg
onepeice_35,1200947_2_500.jpg
onepeice_36,1203397_2_500.jpg
onepeice_37,1203486_2_500.jpg
onepeice_38,1208767_1_500.jpg
onepeice_39,1209169_3_500.jpg
onepeice_40,1214255_16782453124418_500.jpg
onepeice_41,1215502_2_500.jpg
onepeice_42,1218277_1_500.jpg
onepeice_43,1224046_1_500.jpg
onepeice_44,1226250_1_500.jpg
onepeice_45,1227955_1_500.jpg
onepeice_46,1234116_1_500.jpg
onepeice_47,1248439_1_500.jpg
onepeice_48,1254411_17024436914378_500.jpg
onepeice_49,1254418_17024438757353_500.jpg
onepeice_50,1264672_1_500.jpg
onepeice_51,1307193_2_500.jpg
onepeice_52,1311280_7_500.jpg
onepeice_53,1314176_2_500.jpg
onepeice_54,1320271_2_500.jpg
onepeice_55,1331146_1_500.jpg
onepeice_56,1331188_1_500.jpg
onepeice_57,1332276_1_500.jpg
onepeice_58,1340980_1_500.jpg
onepeice_59,1341924_3_500.jpg
onepeice_60,1344899_1_500.jpg
onepeice_61,1350466_2_500.jpg
onepeice_62,1351573_1_500.jpg
onepeice_63,1362484_1_500.jpg
onepeice_64,1367245_2_500.jpg
onepeice_65,1367252_3_500.jpg
onepeice_66,1367276_3_500.jpg
onepeice_67,1368451_1_500.jpg
onepeice_68,1372765_1_500.jpg
onepeice_69,1401703_1_500.jpg
onepeice_70,1405797_1_500.jpg
onepeice_71,1413670_1_500.jpg
onepeice_72,1421748_1_500.jpg
onepeice_73,1422234_1_500.jpg
onepeice_74,1424905_1_500.jpg
onepeice_75,1430983_1_500.jpg
onepeice_76,1431047_1_500.jpg
onepeice_77,1431138_1_500.jpg
onepeice_78,1431685_1_500.jpg
onepeice_79,1432202_1_500.jpg
onepeice_80,1432448_3_500.jpg
onepeice_81,1432453_2_500.jpg
onepeice_82,1436784_7_500.jpg
onepeice_83,1440008_1_500.jpg
onepeice_84,1446804_1_500.jpg
onepeice_85,1446819_1_500.jpg
onepeice_86,1447322_1_500.jpg
onepeice_87,1448606_2_500.jpg
onepeice_88,1455772_16970060951176_500.jpg
onepeice_89,1461126_1_500.jpg
onepeice_90,1466886_1_500.jpg
onepeice_91,1474546_1_500.jpg
onepeice_92,1475376_1_500.jpg
onepeice_93,1475925_1_500.jpg
onepeice_94,1483826_1_500.jpg
onepeice_95,1485818_3_500.jpg
onepeice_96,1485833_2_500.jpg
onepeice_97,1486634_1_500.jpg
onepeice_98,1487168_2_500.jpg
onepeice_99,1487170_1_500.jpg
onepeice_100,1494230_9_500.jpg
onepeice_101,1494377_6_500.jpg
onepeice_102,1495201_1_500.jpg
onepeice_103,1496132_6_500.jpg
onepeice_104,1497765_2_500.jpg
onepeice_105,1498528_2_500.jpg
onepeice_106,1505547_1_500.jpg
onepeice_107,1507595_1_500.jpg
onepeice_108,1529945_1_500.jpg
onepeice_109,1537416_2_500.jpg
onepeice_110,1542800_1_500.jpg
onepeice_111,1570227_1_500.jpg
onepeice_112,1607845_1_500.jpg
onepeice_113,1607866_1_500.jpg
onepeice_114,1610362_1_500.jpg
onepeice_115,1612379_1_500.jpg
onepeice_116,1612381_1_500.jpg
onepeice_117,1612950_1_500.jpg
onepeice_118,1622447_2_500.jpg
onepeice_119,1624046_1_500.jpg
onepeice_120,1624057_1_500.jpg
onepeice_121,1629326_3_500.jpg
onepeice_122,1629336_3_500.jpg
onepeice_123,1639472_1_500.jpg
onepeice_124,1644218_1_500.jpg
onepeice_125,1655171_2_500.jpg
onepeice_126,1656734_1_500.jpg
onepeice_127,1656783_1_500.jpg
onepeice_128,1660700_1_500.jpg
onepeice_129,1663913_1_500.jpg
onepeice_130,1682112_2_500.jpg
onepeice_131,1686169_1_500.jpg
onepeice_132,1707490_1_500.jpg
onepeice_133,1718198_1_500.jpg
onepeice_134,1723417_1_500.jpg
onepeice_135,1725604_1_500.jpg
onepeice_136,1727727_16938074271902_500.jpg
onepeice_137,1729081_1_500.jpg
onepeice_138,1748571_1_500.jpg
onepeice_139,1779568_1_500.jpg
onepeice_140,1792263_1_500.jpg
onepeice_141,1792325_1_500.jpg
onepeice_142,1792341_1_500.jpg
onepeice_143,1792342_1_500.jpg
onepeice_144,1792540_3_500.jpg
onepeice_145,1803990_1_500.jpg
onepeice_146,1823661_1_500.jpg
onepeice_147,1827086_1_500.jpg
onepeice_148,1827450_1_500.jpg
onepeice_149,1827547_2_500.jpg
onepeice_150,1830796_1_500.jpg
onepeice_151,1842146_1_500.jpg
onepeice_152,1842148_1_500.jpg
onepeice_153,1851510_1_500.jpg
onepeice_154,1851514_1_500.jpg
onepeice_155,1854865_1_500.jpg
onepeice_156,1863788_16733392626270_500.jpg
onepeice_157,1871030_1_500.jpg
onepeice_158,1873988_1_500.jpg
onepeice_159,1879223_3_500.jpg
onepeice_160,1880217_1_500.jpg
onepeice_161,1881080_1_500.jpg
onepeice_162,1885810_1_500.jpg
onepeice_163,1888134_1_500.jpg
onepeice_164,1888137_1_500.jpg
onepeice_165,1892257_1_500.jpg
onepeice_166,1898083_1_500.jpg
onepeice_167,1898171_1_500.jpg
onepeice_168,1907930_1_500.jpg
onepeice_169,1916082_16812613157468_500.jpg
onepeice_170,1918856_1_500.jpg
onepeice_171,1922743_2_500.jpg
onepeice_172,1925734_1_500.jpg
onepeice_173,1926700_1_500.jpg
onepeice_174,1926703_1_500.jpg
onepeice_175,1928369_1_500.jpg
onepeice_176,1929423_1_500.jpg
onepeice_177,1931205_1_500.jpg
onepeice_178,1936164_1_500.jpg
onepeice_179,1939370_2_500.jpg
onepeice_180,1939981_16879209336590_500.jpg
onepeice_181,1941140_16872256263074_500.jpg
onepeice_182,1942058_3_500.jpg
onepeice_183,1944335_1_500.jpg
onepeice_184,1944448_1_500.jpg
onepeice_185,1948734_3_500.jpg
onepeice_186,1952915_1_500.jpg
onepeice_187,1955893_2_500.jpg
onepeice_188,1958954_1_500.jpg
onepeice_189,1963558_1_500.jpg
onepeice_190,1964725_1_500.jpg
onepeice_191,1967563_1_500.jpg
onepeice_192,1975802_1_500.jpg
onepeice_193,1978474_1_500.jpg
onepeice_194,1979464_1_500.jpg
onepeice_195,1980725_1_500.jpg
onepeice_196,1984404_1_500.jpg
onepeice_197,1986113_1_500.jpg
onepeice_198,1988766_1_500.jpg
onepeice_199,1989838_1_500.jpg
onepeice_200,1991707_16787933786164_500.jpg
onepeice_201,1992921_1_500.jpg
onepeice_202,1993688_1_500.jpg
onepeice_203,1996996_6_500.jpg
onepeice_204,1996997_6_500.jpg
onepeice_205,2005267_1_500.jpg
onepeice_206,2005268_1_500.jpg
onepeice_207,2007603_2_500.jpg
onepeice_208,2008289_1_500.jpg
onepeice_209,2009193_1_500.jpg
onepeice_210,2009430_1_500.jpg
onepeice_211,2015347_1_500.jpg
onepeice_212,2015356_1_500.jpg
onepeice_213,2016092_1_500.jpg
onepeice_214,2016400_1_500.jpg
onepeice_215,2016477_1_500.jpg
onepeice_216,2016541_2_500.jpg
onepeice_217,2017527_1_500.jpg
onepeice_218,2017528_1_500.jpg
onepeice_219,2018262_1_500.jpg
onepeice_220,2019743_1_500.jpg
onepeice_221,2027250_1_500.jpg
onepeice_222,2027254_1_500.jpg
onepeice_223,2029118_1_500.jpg
onepeice_224,2029716_1_500.jpg
onepeice_225,2034470_1_500.jpg
onepeice_226,2034697_1_500.jpg
onepeice_227,2040346_1_500.jpg
onepeice_228,2040790_1_500.jpg
onepeice_229,2043787_1_500.jpg
onepeice_230,2043795_1_500.jpg
onepeice_231,2044647_2_500.jpg
onepeice_232,2052060_1_500.jpg
onepeice_233,2052200_1_500.jpg
onepeice_234,2052525_1_500.jpg
onepeice_235,2053618_1_500.jpg
onepeice_236,2053619_1_500.jpg
onepeice_237,2059264_1_500.jpg
onepeice_238,2059266_1_500.jpg
onepeice_239,2068204_2_500.jpg
onepeice_240,2069390_1_500.jpg
onepeice_241,2070410_3_500.jpg
onepeice_242,2070650_1_500.jpg
onepeice_243,2079178_16886344240278_500.jpg
onepeice_244,2086159_1_500.jpg
onepeice_245,2087597_1_500.jpg
onepeice_246,2087631_1_500.jpg
onepeice_247,2098150_1_500.jpg
onepeice_248,2103796_1_500.jpg
onepeice_249,2104078_2_500.jpg
onepeice_250,2104246_1_500.jpg
onepeice_251,2105908_1_500.jpg
onepeice_252,2106154_1_500.jpg
onepeice_253,2115500_2_500.jpg
onepeice_254,2118077_1_500.jpg
onepeice_255,2125724_1_500.jpg
onepeice_256,2125821_1_500.jpg
onepeice_257,2126649_1_500.jpg
onepeice_258,2129752_1_500.jpg
onepeice_259,2129772_1_500.jpg
onepeice_260,2132552_1_500.jpg
onepeice_261,2138672_1_500.jpg
onepeice_262,2141273_2_500.jpg
onepeice_263,2141294_2_500.jpg
onepeice_264,2143917_17000336992258_500.jpg
onepeice_265,2146591_1_500.jpg
onepeice_266,2147045_1_500.jpg
onepeice_267,2150925_1_500.jpg
onepeice_268,2151277_2_500.jpg
onepeice_269,2152515_1_500.jpg
onepeice_270,2153846_2_500.jpg
onepeice_271,2160974_1_500.jpg
onepeice_272,2163164_1_500.jpg
onepeice_273,2164322_1_500.jpg
onepeice_274,2164328_1_500.jpg
onepeice_275,2164372_4_500.jpg
onepeice_276,2166335_16804896606414_500.jpg
onepeice_277,2168981_1_500.jpg
onepeice_278,2175209_1_500.jpg
onepeice_279,2177144_1_500.jpg
onepeice_280,2179508_1_500.jpg
onepeice_281,2180360_1_500.jpg
onepeice_282,2184747_1_500.jpg
onepeice_283,2184846_1_500.jpg
onepeice_284,2195020_1_500.jpg
onepeice_285,2195021_1_500.jpg
onepeice_286,2196874_1_500.jpg
onepeice_287,2198971_1_500.jpg
onepeice_288,2199075_1_500.jpg
onepeice_289,2207956_1_500.jpg
onepeice_290,2213027_2_500.jpg
onepeice_291,2213261_1_500.jpg
onepeice_292,2214053_1_500.jpg
onepeice_293,2214721_1_500.jpg
onepeice_294,2220577_2_500.jpg
onepeice_295,2225853_1_500.jpg
onepeice_296,2228277_1_500.jpg
onepeice_297,2233040_2_500.jpg
onepeice_298,2242720_2_500.jpg
onepeice_299,2246736_2_500.jpg
onepeice_300,2252054_1_500.jpg
onepeice_301,2257313_1_500.jpg
onepeice_302,2266017_1_500.jpg
onepeice_303,2266066_2_500.jpg
onepeice_304,2288011_1_500.jpg
onepeice_305,2299260_2_500.jpg
onepeice_306,2302525_1_500.jpg
onepeice_307,2306179_16831853154487_500.jpg
onepeice_308,2306207_1_500.jpg
onepeice_309,2321051_1_500.jpg
onepeice_310,2328763_1_500.jpg
onepeice_311,2336389_1_500.jpg
onepeice_312,2349103_16945769734317_500.jpg
onepeice_313,2349364_1_500.jpg
onepeice_314,2354850_2_500.jpg
onepeice_315,2357620_1_500.jpg
onepeice_316,2361406_1_500.jpg
onepeice_317,2361432_1_500.jpg
onepeice_318,2373165_2_500.jpg
onepeice_319,2375455_1_500.jpg
onepeice_320,2375928_1_500.jpg
onepeice_321,2380977_1_500.jpg
onepeice_322,2381717_1_500.jpg
onepeice_323,2387289_3_500.jpg
onepeice_324,2387437_1_500.jpg
onepeice_325,2389194_1_500.jpg
onepeice_326,2389478_1_500.jpg
onepeice_327,2391533_2_500.jpg
onepeice_328,2391740_1_500.jpg
onepeice_329,2392346_1_500.jpg
onepeice_330,2392489_17046911936990_500.jpg
onepeice_331,2395744_1_500.jpg
onepeice_332,2395804_1_500.jpg
onepeice_333,2395973_1_500.jpg
onepeice_334,2397930_1_500.jpg
onepeice_335,2398316_1_500.jpg
onepeice_336,2398608_1_500.jpg
onepeice_337,2399836_1_500.jpg
onepeice_338,2400402_1_500.jpg
onepeice_339,2400403_1_500.jpg
onepeice_340,2400404_1_500.jpg
onepeice_341,2402036_2_500.jpg
onepeice_342,2402350_1_500.jpg
onepeice_343,2403793_16841555885722_500.jpg
onepeice_344,2411977_1_500.jpg
onepeice_345,2412112_3_500.jpg
onepeice_346,2415341_1_500.jpg
onepeice_347,2415801_1_500.jpg
onepeice_348,2416354_1_500.jpg
onepeice_349,2417187_2_500.jpg
onepeice_350,2417611_1_500.jpg
onepeice_351,2420330_1_500.jpg
onepeice_352,2423126_1_500.jpg
onepeice_353,2423471_1_500.jpg
onepeice_354,2433616_16812803668829_500.jpg
onepeice_355,2435059_2_500.jpg
onepeice_356,2437202_1_500.jpg
onepeice_357,2438141_1_500.jpg
onepeice_358,2440695_1_500.jpg
onepeice_359,2440700_1_500.jpg
onepeice_360,2447433_2_500.jpg
onepeice_361,2447577_2_500.jpg
onepeice_362,2451516_1_500.jpg
onepeice_363,2453461_4_500.jpg
onepeice_364,2457508_1_500.jpg
onepeice_365,2457511_2_500.jpg
onepeice_366,2457512_2_500.jpg
onepeice_367,2457724_1_500.jpg
onepeice_368,2457729_3_500.jpg
onepeice_369,2459525_1_500.jpg
onepeice_370,2460018_1_500.jpg
onepeice_371,2464849_1_500.jpg
onepeice_372,2465628_1_500.jpg
onepeice_373,2467747_1_500.jpg
onepeice_374,2472008_1_500.jpg
onepeice_375,2478783_1_500.jpg
onepeice_376,2480315_1_500.jpg
onepeice_377,2480611_1_500.jpg
onepeice_378,2480623_1_500.jpg
onepeice_379,2483808_1_500.jpg
onepeice_380,2484705_2_500.jpg
onepeice_381,2487052_1_500.jpg
onepeice_382,2487085_1_500.jpg
onepeice_383,2490271_1_500.jpg
onepeice_384,2490497_1_500.jpg
onepeice_385,2492336_1_500.jpg
onepeice_386,2494118_1_500.jpg
onepeice_387,2494158_1_500.jpg
onepeice_388,2500572_2_500.jpg
onepeice_389,2500573_1_500.jpg
onepeice_390,2500825_1_500.jpg
onepeice_391,2505157_1_500.jpg
onepeice_392,2506321_1_500.jpg
onepeice_393,2507521_16772212096097_500.jpg
onepeice_394,2507566_1_500.jpg
onepeice_395,2509647_1_500.jpg
onepeice_396,2510924_1_500.jpg
onepeice_397,2511183_1_500.jpg
onepeice_398,2513421_1_500.jpg
onepeice_399,2513424_1_500.jpg
onepeice_400,2514343_1_500.jpg
onepeice_401,2517740_2_500.jpg
onepeice_402,2524026_1_500.jpg
onepeice_403,2524027_1_500.jpg
onepeice_404,2524030_1_500.jpg
onepeice_405,2532647_1_500.jpg
onepeice_406,2533597_2_500.jpg
onepeice_407,2533599_2_500.jpg
onepeice_408,2538935_1_500.jpg
onepeice_409,2539187_1_500.jpg
onepeice_410,2541023_3_500.jpg
onepeice_411,2551333_1_500.jpg
onepeice_412,2551510_2_500.jpg
onepeice_413,2553421_1_500.jpg
onepeice_414,2553613_1_500.jpg
onepeice_415,2556294_1_500.jpg
onepeice_416,2558214_1_500.jpg
onepeice_417,2558442_1_500.jpg
onepeice_418,2558831_1_500.jpg
onepeice_419,2559740_1_500.jpg
onepeice_420,2561112_1_500.jpg
onepeice_421,2564436_2_500.jpg
onepeice_422,2566048_1_500.jpg
onepeice_423,2567753_2_500.jpg
onepeice_424,2568529_1_500.jpg
onepeice_425,2570542_1_500.jpg
onepeice_426,2570881_1_500.jpg
onepeice_427,2570989_2_500.jpg
onepeice_428,2574158_1_500.jpg
onepeice_429,2574272_1_500.jpg
onepeice_430,2577520_1_500.jpg
onepeice_431,2585102_1_500.jpg
onepeice_432,2585620_1_500.jpg
onepeice_433,2586385_1_500.jpg
onepeice_434,2586406_1_500.jpg
onepeice_435,2586668_1_500.jpg
onepeice_436,2587027_1_500.jpg
onepeice_437,2587763_3_500.jpg
onepeice_438,2588940_1_500.jpg
onepeice_439,2590374_1_500.jpg
onepeice_440,2591287_1_500.jpg
onepeice_441,2591416_1_500.jpg
onepeice_442,2593051_16847316233996_500.jpg
onepeice_443,2594557_1_500.jpg
onepeice_444,2594575_1_500.jpg
onepeice_445,2596484_1_500.jpg
onepeice_446,2596642_1_500.jpg
onepeice_447,2596856_2_500.jpg
onepeice_448,2598117_2_500.jpg
onepeice_449,2604164_1_500.jpg
onepeice_450,2605136_1_500.jpg
onepeice_451,2605820_1_500.jpg
onepeice_452,2605850_16970060183301_500.jpg
onepeice_453,2606106_1_500.jpg
onepeice_454,2606238_1_500.jpg
onepeice_455,2609918_1_500.jpg
onepeice_456,2609967_1_500.jpg
onepeice_457,2610440_1_500.jpg
onepeice_458,2610671_1_500.jpg
onepeice_459,2611722_1_500.jpg
onepeice_460,2612140_1_500.jpg
onepeice_461,2612144_1_500.jpg
onepeice_462,2612357_16995057784497_500.jpg
onepeice_463,2617914_1_500.jpg
onepeice_464,2618357_1_500.jpg
onepeice_465,2618728_1_500.jpg
onepeice_466,2619313_4_500.jpg
onepeice_467,2623011_16885433626667_500.jpg
onepeice_468,2623013_16885431639933_500.jpg
onepeice_469,2627388_1_500.jpg
onepeice_470,2631858_1_500.jpg
onepeice_471,2632079_16804920637407_500.jpg
onepeice_472,2635536_1_500.jpg
onepeice_473,2637941_1_500.jpg
onepeice_474,2640376_1_500.jpg
onepeice_475,2642202_1_500.jpg
onepeice_476,2645013_1_500.jpg
onepeice_477,2645014_2_500.jpg
onepeice_478,2645019_1_500.jpg
onepeice_479,2648847_1_500.jpg
onepeice_480,2649840_1_500.jpg
onepeice_481,2650677_4_500.jpg
onepeice_482,2652486_1_500.jpg
onepeice_483,2652530_1_500.jpg
onepeice_484,2652918_1_500.jpg
onepeice_485,2654875_1_500.jpg
onepeice_486,2659870_1_500.jpg
onepeice_487,2661803_1_500.jpg
onepeice_488,2662213_16838724653594_500.jpg
onepeice_489,2662269_12_500.jpg
onepeice_490,2662646_1_500.jpg
onepeice_491,2664563_1_500.jpg
onepeice_492,2664608_1_500.jpg
onepeice_493,2665883_1_500.jpg
onepeice_494,2665992_16770416150492_500.jpg
onepeice_495,2671629_1_500.jpg
onepeice_496,2672384_16770328834292_500.jpg
onepeice_497,2673616_1_500.jpg
onepeice_498,2674311_1_500.jpg
onepeice_499,2677629_1_500.jpg
onepeice_500,2679914_1_500.jpg
onepeice_501,2680092_1_500.jpg
onepeice_502,2684632_1_500.jpg
onepeice_503,2691327_1_500.jpg
onepeice_504,2696633_4_500.jpg
onepeice_505,2698146_1_500.jpg
onepeice_506,2702981_1_500.jpg
onepeice_507,2714355_2_500.jpg
onepeice_508,2714367_2_500.jpg
onepeice_509,2714515_3_500.jpg
onepeice_510,2714524_2_500.jpg
onepeice_511,2714533_2_500.jpg
onepeice_512,2716391_3_500.jpg
onepeice_513,2720254_1_500.jpg
onepeice_514,2720356_2_500.jpg
onepeice_515,2726034_2_500.jpg
onepeice_516,2730317_2_500.jpg
onepeice_517,2731084_1_500.jpg
onepeice_518,2731086_1_500.jpg
onepeice_519,2739653_1_500.jpg
onepeice_520,2740722_1_500.jpg
onepeice_521,2743521_2_500.jpg
onepeice_522,2745522_1_500.jpg
onepeice_523,2751975_1_500.jpg
onepeice_524,2751979_1_500.jpg
onepeice_525,2753383_1_500.jpg
onepeice_526,2756408_1_500.jpg
onepeice_527,2757737_2_500.jpg
onepeice_528,2765634_1_500.jpg
onepeice_529,2765636_1_500.jpg
onepeice_530,2767158_1_500.jpg
onepeice_531,2767164_1_500.jpg
onepeice_532,2773256_1_500.jpg
onepeice_533,2773865_1_500.jpg
onepeice_534,2774794_1_500.jpg
onepeice_535,2776635_1_500.jpg
onepeice_536,2776650_1_500.jpg
onepeice_537,2778934_2_500.jpg
onepeice_538,2782333_1_500.jpg
onepeice_539,2785047_1_500.jpg
onepeice_540,2788712_1_500.jpg
onepeice_541,2789649_2_500.jpg
onepeice_542,2789873_15_500.jpg
onepeice_543,2791232_1_500.jpg
onepeice_544,2791244_1_500.jpg
onepeice_545,2796474_3_500.jpg
onepeice_546,2798768_1_500.jpg
onepeice_547,2800885_1_500.jpg
onepeice_548,2805437_16770310826150_500.jpg
onepeice_549,2805469_16770284928091_500.jpg
onepeice_550,2809626_1_500.jpg
onepeice_551,2810951_1_500.jpg
onepeice_552,2812342_2_500.jpg
onepeice_553,2813552_1_500.jpg
onepeice_554,2816286_1_500.jpg
onepeice_555,2816547_16723025587179_500.jpg
onepeice_556,2816848_1_500.jpg
onepeice_557,2820558_2_500.jpg
onepeice_558,2822884_2_500.jpg
onepeice_559,2823531_1_500.jpg
onepeice_560,2825725_1_500.jpg
onepeice_561,2830892_16903548071441_500.jpg
onepeice_562,2830893_16903545713221_500.jpg
onepeice_563,2836338_1_500.jpg
onepeice_564,2843975_1_500.jpg
onepeice_565,2848613_1_500.jpg
onepeice_566,2849021_1_500.jpg
onepeice_567,2850004_16976816863097_500.jpg
onepeice_568,2850006_16976818864493_500.jpg
onepeice_569,2855113_1_500.jpg
onepeice_570,2863817_1_500.jpg
onepeice_571,2866111_1_500.jpg
onepeice_572,2866634_1_500.jpg
onepeice_573,2866636_1_500.jpg
onepeice_574,2868644_1_500.jpg
onepeice_575,2869373_1_500.jpg
onepeice_576,2873629_1_500.jpg
onepeice_577,2874315_1_500.jpg
onepeice_578,2876247_1_500.jpg
onepeice_579,2877373_2_500.jpg
onepeice_580,2877413_2_500.jpg
onepeice_581,2883698_1_500.jpg
onepeice_582,2884944_1_500.jpg
onepeice_583,2886531_5_500.jpg
onepeice_584,2886535_4_500.jpg
onepeice_585,2887449_3_500.jpg
onepeice_586,2889787_1_500.jpg
onepeice_587,2893445_1_500.jpg
onepeice_588,2899471_1_500.jpg
onepeice_589,2899604_1_500.jpg
onepeice_590,2899785_16931846744079_500.jpg
onepeice_591,2900236_1_500.jpg
onepeice_592,2901690_16735885380290_500.jpg
onepeice_593,2902166_1_500.jpg
onepeice_594,2905711_1_500.jpg
onepeice_595,2911103_1_500.jpg
onepeice_596,2913725_1_500.jpg
onepeice_597,2920603_1_500.jpg
onepeice_598,2922628_1_500.jpg
onepeice_599,2924960_1_500.jpg
onepeice_600,2932399_1_500.jpg
onepeice_601,2933270_17043579657656_500.jpg
onepeice_602,2934937_1_500.jpg
onepeice_603,2935309_1_500.jpg
onepeice_604,2941752_1_500.jpg
onepeice_605,2943398_1_500.jpg
onepeice_606,2946729_1_500.jpg
onepeice_607,2946910_1_500.jpg
onepeice_608,2949990_1_500.jpg
onepeice_609,2951082_1_500.jpg
onepeice_610,2952248_1_500.jpg
onepeice_611,2954486_1_500.jpg
onepeice_612,2955022_1_500.jpg
onepeice_613,2956039_2_500.jpg
onepeice_614,2956040_1_500.jpg
onepeice_615,2957039_1_500.jpg
onepeice_616,2968195_1_500.jpg
onepeice_617,2968796_1_500.jpg
onepeice_618,2970896_1_500.jpg
onepeice_619,2971696_1_500.jpg
onepeice_620,2974236_1_500.jpg
onepeice_621,2982502_1_500.jpg
onepeice_622,2985949_1_500.jpg
onepeice_623,2985952_1_500.jpg
onepeice_624,2987633_1_500.jpg
onepeice_625,2988340_2_500.jpg
onepeice_626,2991231_1_500.jpg
onepeice_627,2992591_17000297965853_500.jpg
onepeice_628,2996368_16741097135798_500.jpg
onepeice_629,3009953_16729973597902_500.jpg
onepeice_630,3012164_16819650536207_500.jpg
onepeice_631,3017557_16740900296909_500.jpg
onepeice_632,3020087_16734451619656_500.jpg
onepeice_633,3020363_16734869769268_500.jpg
onepeice_634,3021883_16735786278355_500.jpg
onepeice_635,3034255_16811190878198_500.jpg
onepeice_636,3037449_16759045942096_500.jpg
onepeice_637,3039220_16747181391874_500.jpg
onepeice_638,3039696_16765362640447_500.jpg
onepeice_639,3039765_16757529471987_500.jpg
onepeice_640,3040732_16763389849158_500.jpg
onepeice_641,3041837_16747222417007_500.jpg
onepeice_642,3041848_16747225582386_500.jpg
onepeice_643,3047382_16750673561349_500.jpg
onepeice_644,3053827_16752432796168_500.jpg
onepeice_645,3056909_16753395270319_500.jpg
onepeice_646,3056922_16753395515842_500.jpg
onepeice_647,3061728_16756635291825_500.jpg
onepeice_648,3061769_16756642406740_500.jpg
onepeice_649,3061847_16756664212773_500.jpg
onepeice_650,3062642_16756759398227_500.jpg
onepeice_651,3064388_16757480417113_500.jpg
onepeice_652,3065781_16765106773443_500.jpg
onepeice_653,3069670_16977164475458_500.jpg
onepeice_654,3077358_16762103782887_500.jpg
onepeice_655,3077958_16762596078227_500.jpg
onepeice_656,3080582_16771188463478_500.jpg
onepeice_657,3081774_16814564204504_500.jpg
onepeice_658,3082372_16763584225654_500.jpg
onepeice_659,3084825_16764400963700_500.jpg
onepeice_660,3086518_16764522647957_500.jpg
onepeice_661,3086520_16764523593885_500.jpg
onepeice_662,3089624_16765963682181_500.jpg
onepeice_663,3090727_16768883256257_500.jpg
onepeice_664,3091290_16769563737292_500.jpg
onepeice_665,3091329_16772144078110_500.jpg
onepeice_666,3094619_16769466701846_500.jpg
onepeice_667,3097538_16865581302131_500.jpg
onepeice_668,3098220_16771183299111_500.jpg
onepeice_669,3099177_16770313262796_500.jpg
onepeice_670,3102168_16976976998797_500.jpg
onepeice_671,3103277_16771174710432_500.jpg
onepeice_672,3104986_16793657085866_500.jpg
onepeice_673,3106487_16774896530601_500.jpg
onepeice_674,3106490_16774895997185_500.jpg
onepeice_675,3107645_16772253527299_500.jpg
onepeice_676,3108674_16774214031810_500.jpg
onepeice_677,3108677_16774221811206_500.jpg
onepeice_678,3108713_16774275843735_500.jpg
onepeice_679,3111423_16774922295840_500.jpg
onepeice_680,3111943_16780762322288_500.jpg
onepeice_681,3112731_16775715138226_500.jpg
onepeice_682,3113212_16775623381223_500.jpg
onepeice_683,3114447_16775727091386_500.jpg
onepeice_684,3114632_16775744195921_500.jpg
onepeice_685,3117209_16777371489425_500.jpg
onepeice_686,3117493_16835134853526_500.jpg
onepeice_687,3119228_16777651248509_500.jpg
onepeice_688,3119265_16778231253436_500.jpg
onepeice_689,3120896_16813456294049_500.jpg
onepeice_690,3122472_16778370965786_500.jpg
onepeice_691,3124756_16780838635099_500.jpg
onepeice_692,3124903_16781559872604_500.jpg
onepeice_693,3126193_16781093717075_500.jpg
onepeice_694,3126761_16782612724725_500.jpg
onepeice_695,3129184_16781970479862_500.jpg
onepeice_696,3129519_16781759007577_500.jpg
onepeice_697,3129661_16781769906046_500.jpg
onepeice_698,3129713_16781774126323_500.jpg
onepeice_699,3130620_16862906370454_500.jpg
onepeice_700,3130633_16970062571766_500.jpg
onepeice_701,3130645_16970065844469_500.jpg
onepeice_702,3130726_16782050055076_500.jpg
onepeice_703,3130728_16782057889954_500.jpg
onepeice_704,3133164_16783409799385_500.jpg
onepeice_705,3134225_16854508815862_500.jpg
onepeice_706,3135232_16783323593829_500.jpg
onepeice_707,3135234_16783325188499_500.jpg
onepeice_708,3135437_16783324639016_500.jpg
onepeice_709,3136793_16783446366576_500.jpg
onepeice_710,3136853_16783450425994_500.jpg
onepeice_711,3138106_16789732745485_500.jpg
onepeice_712,3138144_16854101517632_500.jpg
onepeice_713,3139387_16784338486641_500.jpg
onepeice_714,3141052_16798804196797_500.jpg
onepeice_715,3144607_16787060677359_500.jpg
onepeice_716,3147231_16787795544499_500.jpg
onepeice_717,3147433_16787821825524_500.jpg
onepeice_718,3147499_16787828772269_500.jpg
onepeice_719,3147559_16787832949239_500.jpg
onepeice_720,3147765_16787844739052_500.jpg
onepeice_721,3148529_16788408835717_500.jpg
onepeice_722,3148698_16788426493505_500.jpg
onepeice_723,3148943_16801447755761_500.jpg
onepeice_724,3150217_16788601445374_500.jpg
onepeice_725,3150221_16788601794572_500.jpg
onepeice_726,3152271_16789327147322_500.jpg
onepeice_727,3152272_16789327095847_500.jpg
onepeice_728,3152277_16789327050892_500.jpg
onepeice_729,3153160_16789404246653_500.jpg
onepeice_730,3153194_16789406435777_500.jpg
onepeice_731,3153485_16789430114663_500.jpg
onepeice_732,3155026_16883468232626_500.jpg
onepeice_733,3155577_16808545856130_500.jpg
onepeice_734,3156590_16790247329893_500.jpg
onepeice_735,3156830_16803326279743_500.jpg
onepeice_736,3159327_16790511109956_500.jpg
onepeice_737,3160991_16842223711465_500.jpg
onepeice_738,3161042_16792781978961_500.jpg
onepeice_739,3161116_16792791226677_500.jpg
onepeice_740,3162241_16794529030332_500.jpg
onepeice_741,3162900_16801587630356_500.jpg
onepeice_742,3162911_16801587442466_500.jpg
onepeice_743,3163122_16801585391108_500.jpg
onepeice_744,3164965_16793687353702_500.jpg
onepeice_745,3166098_16793820057774_500.jpg
onepeice_746,3166164_16793824342353_500.jpg
onepeice_747,3166419_17048471734184_500.jpg
onepeice_748,3166847_16891248913966_500.jpg
onepeice_749,3167358_16808626332675_500.jpg
onepeice_750,3170888_16820619521448_500.jpg
onepeice_751,3171881_16799772599007_500.jpg
onepeice_752,3172061_16811036754892_500.jpg
onepeice_753,3173321_16801663999697_500.jpg
onepeice_754,3173565_16919974138589_500.jpg
onepeice_755,3173656_16795486136614_500.jpg
onepeice_756,3173662_16854395896519_500.jpg
onepeice_757,3174334_16799699259656_500.jpg
onepeice_758,3174351_16820600116141_500.jpg
onepeice_759,3174455_16850662663274_500.jpg
onepeice_760,3174458_16850662581239_500.jpg
onepeice_761,3174574_16795534010241_500.jpg
onepeice_762,3175572_16795591901724_500.jpg
onepeice_763,3177660_16796331329459_500.jpg
onepeice_764,3179303_16798117964581_500.jpg
onepeice_765,3181699_16798947671188_500.jpg
onepeice_766,3181701_16798947758960_500.jpg
onepeice_767,3182631_16799032435325_500.jpg
onepeice_768,3185940_16799836534709_500.jpg
onepeice_769,3186157_16799849840574_500.jpg
onepeice_770,3186182_16800572915531_500.jpg
onepeice_771,3189984_16813889432992_500.jpg
onepeice_772,3195465_16921651062655_500.jpg
onepeice_773,3196948_16917337665568_500.jpg
onepeice_774,3196981_16903483777490_500.jpg
onepeice_775,3197079_16977713830314_500.jpg
onepeice_776,3197445_16874179776131_500.jpg
onepeice_777,3197696_16849030124174_500.jpg
onepeice_778,3198246_16811081993058_500.jpg
onepeice_779,3199424_16856736873132_500.jpg
onepeice_780,3199449_16856026949456_500.jpg
onepeice_781,3199584_16860896224385_500.jpg
onepeice_782,3200071_16917383753179_500.jpg
onepeice_783,3201407_16804955946372_500.jpg
onepeice_784,3205832_16805964045586_500.jpg
onepeice_785,3207317_16806590255002_500.jpg
onepeice_786,3207542_16826445045665_500.jpg
onepeice_787,3207758_16806629072975_500.jpg
onepeice_788,3208736_16806729327286_500.jpg
onepeice_789,3209530_16806785791178_500.jpg
onepeice_790,3209956_16806908309451_500.jpg
onepeice_791,3210184_16806858687140_500.jpg
onepeice_792,3210332_16818696491623_500.jpg
onepeice_793,3211784_16817842097183_500.jpg
onepeice_794,3212706_16807650580432_500.jpg
onepeice_795,3212708_16807644088194_500.jpg
onepeice_796,3212711_16807642493670_500.jpg
onepeice_797,3213682_16879314698167_500.jpg
onepeice_798,3213684_16879313463316_500.jpg
onepeice_799,3215234_16808439683362_500.jpg
onepeice_800,3215242_16808441501272_500.jpg
onepeice_801,3215255_16808444380957_500.jpg
onepeice_802,3216297_16808492760542_500.jpg
onepeice_803,3216464_16879306276321_500.jpg
onepeice_804,3220332_16811093938728_500.jpg
onepeice_805,322115_1_500.jpg
onepeice_806,3221675_16811245283871_500.jpg
onepeice_807,3221689_16811253901098_500.jpg
onepeice_808,3222904_16825665878173_500.jpg
onepeice_809,3223159_16811857613931_500.jpg
onepeice_810,3223287_16811872519012_500.jpg
onepeice_811,3224090_16883501722473_500.jpg
onepeice_812,3225131_16824103769550_500.jpg
onepeice_813,3225783_16812066030845_500.jpg
onepeice_814,3226206_16812268445943_500.jpg
onepeice_815,3226458_16862908435979_500.jpg
onepeice_816,3226463_16862910944731_500.jpg
onepeice_817,3227347_16862168608153_500.jpg
onepeice_818,3228252_16812798349827_500.jpg
onepeice_819,3228630_16818836754431_500.jpg
onepeice_820,3229825_16812904992286_500.jpg
onepeice_821,3231129_16816980502515_500.jpg
onepeice_822,3231139_16816989170390_500.jpg
onepeice_823,3231334_16813534668136_500.jpg
onepeice_824,3231414_16825565551974_500.jpg
onepeice_825,3233554_16813794062840_500.jpg
onepeice_826,3233650_16871589988810_500.jpg
onepeice_827,3234937_16818107117592_500.jpg
onepeice_828,3235546_16867202531483_500.jpg
onepeice_829,3235642_16814523830441_500.jpg
onepeice_830,3236718_16814745807026_500.jpg
onepeice_831,3238679_16819901625004_500.jpg
onepeice_832,3240006_16817202993595_500.jpg
onepeice_833,3240124_16817212491802_500.jpg
onepeice_834,3240125_16817212692992_500.jpg
onepeice_835,3241282_16860624750507_500.jpg
onepeice_836,3242731_16817966912590_500.jpg
onepeice_837,3245134_16818715595043_500.jpg
onepeice_838,3247003_16830908755533_500.jpg
onepeice_839,3247303_16897605808994_500.jpg
onepeice_840,3248361_16862074561546_500.jpg
onepeice_841,3250235_16865607828059_500.jpg
onepeice_842,3250317_16819731659895_500.jpg
onepeice_843,3250648_16823146446105_500.jpg
onepeice_844,3253128_16820578592090_500.jpg
onepeice_845,3254151_16822471405796_500.jpg
onepeice_846,3255076_16837715473765_500.jpg
onepeice_847,3255703_16896423957817_500.jpg
onepeice_848,3256777_16823248029495_500.jpg
onepeice_849,3257189_16823322082156_500.jpg
onepeice_850,3258064_16838790267570_500.jpg
onepeice_851,3258065_16856001973431_500.jpg
onepeice_852,3258315_16883716430939_500.jpg
onepeice_853,3261172_16824271357299_500.jpg
onepeice_854,3261304_16835690736172_500.jpg
onepeice_855,3261617_16824717756759_500.jpg
onepeice_856,3262033_16824751337032_500.jpg
onepeice_857,3263782_16825598240684_500.jpg
onepeice_858,3263977_17043573649666_500.jpg
onepeice_859,3265503_16825700221241_500.jpg
onepeice_860,3266100_16829561954696_500.jpg
onepeice_861,3266113_16836215163021_500.jpg
onepeice_862,3267093_16825902734590_500.jpg
onepeice_863,3267308_16837715175538_500.jpg
onepeice_864,3267617_16826430766081_500.jpg
onepeice_865,3270811_16829949812047_500.jpg
onepeice_866,3271247_16830988456109_500.jpg
onepeice_867,3271252_16871477798835_500.jpg
onepeice_868,3271298_16871472882845_500.jpg
onepeice_869,3273261_16830778549030_500.jpg
onepeice_870,3274460_16836960960173_500.jpg
onepeice_871,3274898_16838752734963_500.jpg
onepeice_872,3275647_16836113934409_500.jpg
onepeice_873,3275742_16831112891124_500.jpg
onepeice_874,3275760_16831827883513_500.jpg
onepeice_875,3276508_16831647500102_500.jpg
onepeice_876,3276772_16831683015043_500.jpg
onepeice_877,3277248_16831731732432_500.jpg
onepeice_878,3278654_16982387372810_500.jpg
onepeice_879,3278799_16837101349847_500.jpg
onepeice_880,3278891_16833924362348_500.jpg
onepeice_881,3279134_16999532736539_500.jpg
onepeice_882,3279511_16837686776929_500.jpg
onepeice_883,3279785_16835124250786_500.jpg
onepeice_884,3279793_16835127203235_500.jpg
onepeice_885,3279833_16835131144270_500.jpg
onepeice_886,3280770_16835281494121_500.jpg
onepeice_887,3280848_16847511537280_500.jpg
onepeice_888,3281125_16847475978122_500.jpg
onepeice_889,3281268_16865478556110_500.jpg
onepeice_890,3284689_16838915697764_500.jpg
onepeice_891,3285803_16836238179752_500.jpg
onepeice_892,3287342_16837258394618_500.jpg
onepeice_893,3287492_16893109533397_500.jpg
onepeice_894,3287795_16837022307501_500.jpg
onepeice_895,3287942_16837037707248_500.jpg
onepeice_896,3288324_16837061642405_500.jpg
onepeice_897,3288336_16837061876639_500.jpg
onepeice_898,3288864_16957631255391_500.jpg
onepeice_899,3288988_16837133384661_500.jpg
onepeice_900,3288999_16837136101212_500.jpg
onepeice_901,3289805_16874998355613_500.jpg
onepeice_902,3290249_16866260377305_500.jpg
onepeice_903,3290261_16866260046104_500.jpg
onepeice_904,3290616_16837754093416_500.jpg
onepeice_905,3290620_16837755416097_500.jpg
onepeice_906,3291715_16837900470630_500.jpg
onepeice_907,3291814_16850023819465_500.jpg
onepeice_908,3292588_16861167636606_500.jpg
onepeice_909,3294005_16838703852936_500.jpg
onepeice_910,3294490_16838756276273_500.jpg
onepeice_911,3295185_16840503615803_500.jpg
onepeice_912,3295265_16840673617377_500.jpg
onepeice_913,3295266_16840675107882_500.jpg
onepeice_914,3297382_16841367305075_500.jpg
onepeice_915,3298010_16866220037186_500.jpg
onepeice_916,3299190_16842168359697_500.jpg
onepeice_917,3299275_16842180034797_500.jpg
onepeice_918,3299517_16842213068856_500.jpg
onepeice_919,3299523_16842215774112_500.jpg
onepeice_920,3299648_16843718496549_500.jpg
onepeice_921,3299997_16842274853743_500.jpg
onepeice_922,3302089_16843054804293_500.jpg
onepeice_923,3303005_16843127956607_500.jpg
onepeice_924,3305983_16843901402945_500.jpg
onepeice_925,3305990_16843901586316_500.jpg
onepeice_926,3307276_16843995816309_500.jpg
onepeice_927,3307345_16843998036713_500.jpg
onepeice_928,3311363_16844723548130_500.jpg
onepeice_929,3311365_16844723607301_500.jpg
onepeice_930,3312294_16844806946968_500.jpg
onepeice_931,3312700_16844867975287_500.jpg
onepeice_932,3312918_16920209386763_500.jpg
onepeice_933,3313071_16845678261662_500.jpg
onepeice_934,3313353_16868938711917_500.jpg
onepeice_935,3313686_16889113347132_500.jpg
onepeice_936,3313689_16889111538057_500.jpg
onepeice_937,3315809_16847438263349_500.jpg
onepeice_938,3316354_16848029680669_500.jpg
onepeice_939,3317445_16848177265486_500.jpg
onepeice_940,3317468_16848179965612_500.jpg
onepeice_941,3318508_16947648940830_500.jpg
onepeice_942,3318606_16903523419707_500.jpg
onepeice_943,3318642_16848278504009_500.jpg
onepeice_944,3318736_16848283177110_500.jpg
onepeice_945,3318773_16848284999363_500.jpg
onepeice_946,3319070_16848307459657_500.jpg
onepeice_947,3320651_16848946655054_500.jpg
onepeice_948,3321155_16849997967407_500.jpg
onepeice_949,3322073_16849096995680_500.jpg
onepeice_950,3322075_16849097156526_500.jpg
onepeice_951,3322720_16849144069828_500.jpg
onepeice_952,3322759_16849149217635_500.jpg
onepeice_953,3322824_16849160410234_500.jpg
onepeice_954,3324309_16849856157295_500.jpg
onepeice_955,3324497_16849890044602_500.jpg
onepeice_956,3324849_16849922730226_500.jpg
onepeice_957,3324907_16850622458154_500.jpg
onepeice_958,3324931_16850623184376_500.jpg
onepeice_959,3325004_16854069563584_500.jpg
onepeice_960,3325011_16854068012756_500.jpg
onepeice_961,3325837_16849997191856_500.jpg
onepeice_962,3326681_16850071252244_500.jpg
onepeice_963,3326821_16850149772493_500.jpg
onepeice_964,3326946_16861922916737_500.jpg
onepeice_965,3327641_16850664964059_500.jpg
onepeice_966,3327659_16850666243657_500.jpg
onepeice_967,3327947_16850685596694_500.jpg
onepeice_968,3329144_16850838032394_500.jpg
onepeice_969,3329726_16851226742345_500.jpg
onepeice_970,3330727_16854028992203_500.jpg
onepeice_971,3330766_16854032262195_500.jpg
onepeice_972,3330767_16854032330831_500.jpg
onepeice_973,3330769_16854032474858_500.jpg
onepeice_974,3331174_16856893696141_500.jpg
onepeice_975,3331964_16854206001906_500.jpg
onepeice_976,3332172_16854235590131_500.jpg
onepeice_977,3332882_16854303339997_500.jpg
onepeice_978,3333297_16865500338624_500.jpg
onepeice_979,3334866_16855063790075_500.jpg
onepeice_980,3337536_16898378486475_500.jpg
onepeice_981,3338390_16855878374742_500.jpg
onepeice_982,3338839_16855965332233_500.jpg
onepeice_983,3339030_16855995767743_500.jpg
onepeice_984,3340609_16856067804338_500.jpg
onepeice_985,3341416_16856121838106_500.jpg
onepeice_986,3341491_16856130363040_500.jpg
onepeice_987,3342691_16856887571046_500.jpg
onepeice_988,3344547_16856944534873_500.jpg
onepeice_989,3344548_16856944597829_500.jpg
onepeice_990,3345171_16859512287637_500.jpg
onepeice_991,3345482_16861453616059_500.jpg
onepeice_992,3345484_16861491162377_500.jpg
onepeice_993,3345963_16868186087876_500.jpg
onepeice_994,3345964_16868185109040_500.jpg
onepeice_995,3345985_16919819940615_500.jpg
onepeice_996,3347293_16927555388088_500.jpg
onepeice_997,3347404_16859611300777_500.jpg
onepeice_998,3347406_16859609753032_500.jpg
onepeice_999,3347465_16859541593259_500.jpg
onepeice_1000,3347683_16891351002461_500.jpg
onepeice_1001,3350565_16861261302048_500.jpg
onepeice_1002,3350956_16861294806671_500.jpg
onepeice_1003,3351019_16864901434249_500.jpg
onepeice_1004,3351578_16878425901052_500.jpg
onepeice_1005,3351713_16883579537917_500.jpg
onepeice_1006,3351714_16880093543075_500.jpg
onepeice_1007,3353265_16862070674240_500.jpg
onepeice_1008,3353266_16862070746052_500.jpg
onepeice_1009,3353327_16865548364201_500.jpg
onepeice_1010,3353351_16865546291869_500.jpg
onepeice_1011,3354036_16862121796902_500.jpg
onepeice_1012,3354809_16862317940772_500.jpg
onepeice_1013,3354823_16862328896774_500.jpg
onepeice_1014,3355976_16862931280573_500.jpg
onepeice_1015,3356675_16865622080189_500.jpg
onepeice_1016,3358653_16866397584407_500.jpg
onepeice_1017,3360523_16866233527718_500.jpg
onepeice_1018,3360846_16867119532501_500.jpg
onepeice_1019,3360850_16867149951130_500.jpg
onepeice_1020,3362233_16869006075902_500.jpg
onepeice_1021,3363735_16867131409754_500.jpg
onepeice_1022,3366051_16868034615085_500.jpg
onepeice_1023,3366093_16868040861535_500.jpg
onepeice_1024,3366887_16895804972901_500.jpg
onepeice_1025,3367046_17006292850751_500.jpg
onepeice_1026,3367340_16899270487492_500.jpg
onepeice_1027,3367632_16868873806509_500.jpg
onepeice_1028,3367934_16872355325437_500.jpg
onepeice_1029,3370364_16901787513877_500.jpg
onepeice_1030,3372099_16871623538536_500.jpg
onepeice_1031,3372115_16871621574896_500.jpg
onepeice_1032,3372384_16871662962427_500.jpg
onepeice_1033,3372588_16871853487105_500.jpg
onepeice_1034,3374030_16872422748216_500.jpg
onepeice_1035,3374251_16872441263477_500.jpg
onepeice_1036,3374283_16874869900433_500.jpg
onepeice_1037,3374668_16872484236709_500.jpg
onepeice_1038,3374971_16879983531918_500.jpg
onepeice_1039,3375444_16873145345464_500.jpg
onepeice_1040,3375896_16873240613576_500.jpg
onepeice_1041,3376292_16873300690976_500.jpg
onepeice_1042,3376308_16873303840343_500.jpg
onepeice_1043,3376357_16879136196977_500.jpg
onepeice_1044,3377207_16873566742623_500.jpg
onepeice_1045,3377293_16873901150869_500.jpg
onepeice_1046,3377707_16879215597126_500.jpg
onepeice_1047,3380893_16875810733765_500.jpg
onepeice_1048,3381431_16877466431825_500.jpg
onepeice_1049,3381829_16877578488745_500.jpg
onepeice_1050,3382272_16877660975174_500.jpg
onepeice_1051,3382301_16877668569925_500.jpg
onepeice_1052,3383732_16909386198928_500.jpg
onepeice_1053,3385034_16878762174886_500.jpg
onepeice_1054,3385166_16879133774862_500.jpg
onepeice_1055,3385917_16886920521486_500.jpg
onepeice_1056,3385926_16886920158379_500.jpg
onepeice_1057,3386290_16880041320724_500.jpg
onepeice_1058,3386809_16879360141333_500.jpg
onepeice_1059,3387246_16879413714655_500.jpg
onepeice_1060,3389086_16880277172359_500.jpg
onepeice_1061,3389437_16880347062799_500.jpg
onepeice_1062,3389445_16880349002401_500.jpg
onepeice_1063,3390780_16910355191238_500.jpg
onepeice_1064,3392081_16901761370822_500.jpg
onepeice_1065,3392087_16917349805593_500.jpg
onepeice_1066,3392373_16884642207667_500.jpg
onepeice_1067,3393013_16883927365125_500.jpg
onepeice_1068,3393015_16883927227538_500.jpg
onepeice_1069,3393185_16884353184065_500.jpg
onepeice_1070,3393490_16884455902844_500.jpg
onepeice_1071,3393527_16884426473759_500.jpg
onepeice_1072,3393712_16884482868370_500.jpg
onepeice_1073,3393722_16884484998201_500.jpg
onepeice_1074,3393738_16884490385473_500.jpg
onepeice_1075,3394072_16885410070639_500.jpg
onepeice_1076,3394184_16886070634115_500.jpg
onepeice_1077,3395907_16885450648975_500.jpg
onepeice_1078,3395953_16885433730175_500.jpg
onepeice_1079,3396136_16885452405834_500.jpg
onepeice_1080,3399097_16887055493093_500.jpg
onepeice_1081,3399098_16905328094647_500.jpg
onepeice_1082,3399104_16887056920912_500.jpg
onepeice_1083,3399585_16887165853872_500.jpg
onepeice_1084,3401907_16889788259576_500.jpg
onepeice_1085,3402594_16890444277228_500.jpg
onepeice_1086,3402749_16890494643727_500.jpg
onepeice_1087,3403231_16890595815431_500.jpg
onepeice_1088,3404141_16891513621643_500.jpg
onepeice_1089,3404231_16892351867127_500.jpg
onepeice_1090,3410860_16895078825156_500.jpg
onepeice_1091,3411844_16895718229069_500.jpg
onepeice_1092,3411897_16917436366021_500.jpg
onepeice_1093,3412706_16895844308355_500.jpg
onepeice_1094,3414095_16896677459889_500.jpg
onepeice_1095,3414098_16896677510349_500.jpg
onepeice_1096,3414127_16896683420909_500.jpg
onepeice_1097,3420624_16899276222033_500.jpg
onepeice_1098,3421865_16922614014259_500.jpg
onepeice_1099,3422128_16901774973656_500.jpg
onepeice_1100,3422877_16911092369262_500.jpg
onepeice_1101,3422878_16911089818154_500.jpg
onepeice_1102,3423554_16914896712145_500.jpg
onepeice_1103,3423612_16914896466010_500.jpg
onepeice_1104,3425777_16915713116509_500.jpg
onepeice_1105,3429276_16903942960539_500.jpg
onepeice_1106,3430766_16908810170257_500.jpg
onepeice_1107,3431746_16909658741006_500.jpg
onepeice_1108,3433548_16905304504211_500.jpg
onepeice_1109,3434593_16933995747064_500.jpg
onepeice_1110,3434594_16933999365727_500.jpg
onepeice_1111,3434644_16907752609154_500.jpg
onepeice_1112,3435024_16907796354935_500.jpg
onepeice_1113,3441459_17065887352059_500.jpg
onepeice_1114,3442326_16909722851400_500.jpg
onepeice_1115,3442335_16909726837511_500.jpg
onepeice_1116,3442340_16909728661798_500.jpg
onepeice_1117,3445876_16911318431781_500.jpg
onepeice_1118,3445880_16911312082858_500.jpg
onepeice_1119,3446129_16911350035532_500.jpg
onepeice_1120,3446176_16911359291107_500.jpg
onepeice_1121,3447571_16940585477928_500.jpg
onepeice_1122,3451915_16914803836096_500.jpg
onepeice_1123,3452026_16914812808546_500.jpg
onepeice_1124,3453957_16915593017348_500.jpg
onepeice_1125,3456536_16929520277914_500.jpg
onepeice_1126,3456626_16929518420756_500.jpg
onepeice_1127,3456817_16929515024893_500.jpg
onepeice_1128,3459117_16944288754778_500.jpg
onepeice_1129,3460963_16928358197339_500.jpg
onepeice_1130,3461784_16917354590877_500.jpg
onepeice_1131,3462031_16917381936631_500.jpg
onepeice_1132,3465038_16921741465368_500.jpg
onepeice_1133,3467989_16921736255114_500.jpg
onepeice_1134,3468993_16921894826158_500.jpg
onepeice_1135,3469975_16922341678565_500.jpg
onepeice_1136,3470527_16922397656955_500.jpg
onepeice_1137,3472706_16922592310910_500.jpg
onepeice_1138,3473045_16926715236837_500.jpg
onepeice_1139,3473634_16922691986933_500.jpg
onepeice_1140,3475126_16946585057909_500.jpg
onepeice_1141,3479889_16934010497889_500.jpg
onepeice_1142,3482839_16927734210688_500.jpg
onepeice_1143,3482840_16927736779505_500.jpg
onepeice_1144,3483019_16944986090869_500.jpg
onepeice_1145,3483958_16927000632304_500.jpg
onepeice_1146,3488107_17049492863908_500.jpg
onepeice_1147,3490112_16934155467548_500.jpg
onepeice_1148,3490966_16927705380585_500.jpg
onepeice_1149,3490968_16927705464343_500.jpg
onepeice_1150,3491677_16935278389448_500.jpg
onepeice_1151,3492464_16927813956787_500.jpg
onepeice_1152,3492466_16927814025735_500.jpg
onepeice_1153,3492674_16944197824271_500.jpg
onepeice_1154,3492800_17066997401365_500.jpg
onepeice_1155,3492908_16929291230815_500.jpg
onepeice_1156,3497291_16935324504128_500.jpg
onepeice_1157,3497293_16935324369793_500.jpg
onepeice_1158,3501400_16929931233985_500.jpg
onepeice_1159,3502587_16930310615514_500.jpg
onepeice_1160,3502686_16930352266160_500.jpg
onepeice_1161,3502831_16930424524422_500.jpg
onepeice_1162,3503057_16930558114375_500.jpg
onepeice_1163,3503376_16934404185938_500.jpg
onepeice_1164,3505766_16932113660777_500.jpg
onepeice_1165,3508192_16932734879183_500.jpg
onepeice_1166,3508910_16933846529701_500.jpg
onepeice_1167,3509650_16932891167577_500.jpg
onepeice_1168,3509768_16932907381420_500.jpg
onepeice_1169,3510110_17022563352509_500.jpg
onepeice_1170,3511576_16933038712572_500.jpg
onepeice_1171,3511578_16933038783730_500.jpg
onepeice_1172,3511681_16933058754914_500.jpg
onepeice_1173,3511947_16933511123082_500.jpg
onepeice_1174,3511952_16933516191944_500.jpg
onepeice_1175,3511954_16933512473352_500.jpg
onepeice_1176,3512361_16933586545903_500.jpg
onepeice_1177,3514088_16981366529898_500.jpg
onepeice_1178,3515185_16935463420536_500.jpg
onepeice_1179,3515359_16933882464696_500.jpg
onepeice_1180,3515542_17030407450672_500.jpg
onepeice_1181,3516014_16945146320413_500.jpg
onepeice_1182,3516667_16934489575272_500.jpg
onepeice_1183,3516757_16934507701491_500.jpg
onepeice_1184,3517106_16934564617325_500.jpg
onepeice_1185,3517315_16939836684160_500.jpg
onepeice_1186,3517925_16934726383019_500.jpg
onepeice_1187,3517927_16934723433652_500.jpg
onepeice_1188,3520867_16935336308220_500.jpg
onepeice_1189,3520989_16974215463557_500.jpg
onepeice_1190,3522656_16935528918522_500.jpg
onepeice_1191,3522852_16937867674710_500.jpg
onepeice_1192,3522853_16935691568208_500.jpg
onepeice_1193,3523670_16936409518279_500.jpg
onepeice_1194,3524217_16939890397968_500.jpg
onepeice_1195,3526832_16938121960474_500.jpg
onepeice_1196,3526875_16938125548732_500.jpg
onepeice_1197,3526973_16938132133537_500.jpg
onepeice_1198,3527108_16938136498640_500.jpg
onepeice_1199,3527657_16938160405492_500.jpg
onepeice_1200,3528163_16941904946471_500.jpg
onepeice_1201,3528305_16940644471686_500.jpg
onepeice_1202,3531392_16938957945744_500.jpg
onepeice_1203,3532388_16939014973500_500.jpg
onepeice_1204,3532619_16939033140853_500.jpg
onepeice_1205,3533430_16939598100498_500.jpg
onepeice_1206,3534547_16939759396817_500.jpg
onepeice_1207,3536827_16943509408841_500.jpg
onepeice_1208,3537151_16940084799272_500.jpg
onepeice_1209,3538422_16977908937635_500.jpg
onepeice_1210,3542704_16940860311855_500.jpg
onepeice_1211,3543022_16943307377120_500.jpg
onepeice_1212,3544828_16941490417125_500.jpg
onepeice_1213,3546388_16941608483073_500.jpg
onepeice_1214,3548355_16944867030198_500.jpg
onepeice_1215,3549100_16944922587607_500.jpg
onepeice_1216,3549377_16944122147706_500.jpg
onepeice_1217,3549434_16947397064037_500.jpg
onepeice_1218,3550645_16944252532810_500.jpg
onepeice_1219,3550682_16950888305234_500.jpg
onepeice_1220,3551011_16944420951505_500.jpg
onepeice_1221,3551224_16944801353046_500.jpg
onepeice_1222,3552432_16944945074130_500.jpg
onepeice_1223,3552922_16947460353207_500.jpg
onepeice_1224,3558410_16951171199276_500.jpg
onepeice_1225,3558411_16951171472666_500.jpg
onepeice_1226,3558678_16946075334321_500.jpg
onepeice_1227,3561565_16946754788332_500.jpg
onepeice_1228,3564792_16947596982028_500.jpg
onepeice_1229,3565175_16947627408793_500.jpg
onepeice_1230,3565308_16947638821417_500.jpg
onepeice_1231,3565440_16988056291284_500.jpg
onepeice_1232,3565763_16947667736813_500.jpg
onepeice_1233,3566505_16949148377262_500.jpg
onepeice_1234,3566715_16949332404579_500.jpg
onepeice_1235,3566972_16966025341794_500.jpg
onepeice_1236,3566973_16966025266197_500.jpg
onepeice_1237,3566974_16966025189349_500.jpg
onepeice_1238,3568682_16950150169034_500.jpg
onepeice_1239,3568744_16950157994133_500.jpg
onepeice_1240,3568776_16950161354626_500.jpg
onepeice_1241,3569990_16950259890126_500.jpg
onepeice_1242,3570586_16950350034081_500.jpg
onepeice_1243,3570996_16950830708440_500.jpg
onepeice_1244,3573788_16951827690832_500.jpg
onepeice_1245,3573895_16951826660521_500.jpg
onepeice_1246,3574950_16951151555652_500.jpg
onepeice_1247,3575141_16951186439580_500.jpg
onepeice_1248,3575490_16956200033795_500.jpg
onepeice_1249,3575491_16956199284821_500.jpg
onepeice_1250,3575492_16956198814724_500.jpg
onepeice_1251,3575493_16956198026933_500.jpg
onepeice_1252,3576233_16951741001670_500.jpg
onepeice_1253,3576658_16951790875672_500.jpg
onepeice_1254,3576844_16951824626073_500.jpg
onepeice_1255,3579704_16993312277776_500.jpg
onepeice_1256,3580067_16952112089004_500.jpg
onepeice_1257,3580857_16952744288489_500.jpg
onepeice_1258,3582271_16952671972180_500.jpg
onepeice_1259,3582713_16953716255493_500.jpg
onepeice_1260,3583066_16952746744062_500.jpg
onepeice_1261,3584187_16952827806081_500.jpg
onepeice_1262,3584288_16952834916928_500.jpg
onepeice_1263,3584853_16952876248024_500.jpg
onepeice_1264,3585084_16965055578768_500.jpg
onepeice_1265,3585477_16953100216696_500.jpg
onepeice_1266,3587903_16958324047306_500.jpg
onepeice_1267,3587908_16958323928760_500.jpg
onepeice_1268,3588582_16953709763797_500.jpg
onepeice_1269,3589029_16953764065133_500.jpg
onepeice_1270,3589533_16955445354794_500.jpg
onepeice_1271,3590873_16976127989079_500.jpg
onepeice_1272,3591243_16956189183311_500.jpg
onepeice_1273,3592468_16975233851241_500.jpg
onepeice_1274,3593412_17067011520102_500.jpg
onepeice_1275,3593721_16969055770960_500.jpg
onepeice_1276,3594076_17066853018310_500.jpg
onepeice_1277,3596842_16970973730547_500.jpg
onepeice_1278,3596905_16957177484016_500.jpg
onepeice_1279,3597388_16957435906561_500.jpg
onepeice_1280,3597634_16957757885944_500.jpg
onepeice_1281,3599025_16969116894694_500.jpg
onepeice_1282,3599037_16969118481923_500.jpg
onepeice_1283,3599042_16969150269356_500.jpg
onepeice_1284,3599213_16958016159072_500.jpg
onepeice_1285,3600341_16963096386822_500.jpg
onepeice_1286,3600666_16963874450365_500.jpg
onepeice_1287,3604199_16964727275587_500.jpg
onepeice_1288,3604500_16964757501231_500.jpg
onepeice_1289,3604811_16964839091044_500.jpg
onepeice_1290,3604929_16980438899766_500.jpg
onepeice_1291,3605830_16964912570253_500.jpg
onepeice_1292,3605866_16964914949462_500.jpg
onepeice_1293,3605924_16965767393898_500.jpg
onepeice_1294,3606673_17006319293150_500.jpg
onepeice_1295,3607687_16965613820213_500.jpg
onepeice_1296,3612439_16973589228988_500.jpg
onepeice_1297,3613114_16968999653302_500.jpg
onepeice_1298,3615031_16969254204917_500.jpg
onepeice_1299,3615216_16969270511998_500.jpg
onepeice_1300,3616271_16970718163540_500.jpg
onepeice_1301,3617094_16974196655558_500.jpg
onepeice_1302,3617407_16969974647333_500.jpg
onepeice_1303,3617949_16977669738876_500.jpg
onepeice_1304,3620976_16974162208092_500.jpg
onepeice_1305,3621135_16970808730623_500.jpg
onepeice_1306,3621839_16970879715962_500.jpg
onepeice_1307,3621860_16970880321634_500.jpg
onepeice_1308,3621970_16970892032995_500.jpg
onepeice_1309,3623949_16971060531537_500.jpg
onepeice_1310,3624408_16971190590808_500.jpg
onepeice_1311,3625126_16971640462725_500.jpg
onepeice_1312,3625688_16971814273799_500.jpg
onepeice_1313,3627087_16971901640152_500.jpg
onepeice_1314,3629302_16974324204353_500.jpg
onepeice_1315,3632454_16977672265544_500.jpg
onepeice_1316,3632492_16977670886029_500.jpg
onepeice_1317,3632954_16982937397942_500.jpg
onepeice_1318,3635376_17047869441846_500.jpg
onepeice_1319,3637421_16976108342832_500.jpg
onepeice_1320,3637448_16976109916796_500.jpg
onepeice_1321,3637942_16976145392923_500.jpg
onepeice_1322,3637956_16976146163124_500.jpg
onepeice_1323,3639111_16977811354247_500.jpg
onepeice_1324,3639510_16977755833277_500.jpg
onepeice_1325,3639511_16977755527893_500.jpg
onepeice_1326,3639654_16981357823452_500.jpg
onepeice_1327,3640328_16976817707815_500.jpg
onepeice_1328,3643964_16988494751202_500.jpg
onepeice_1329,3644985_16980272966572_500.jpg
onepeice_1330,3644990_16980267192287_500.jpg
onepeice_1331,3649268_16980454172750_500.jpg
onepeice_1332,3649441_16980470626211_500.jpg
onepeice_1333,3650262_16980525523127_500.jpg
onepeice_1334,3650999_16982374990232_500.jpg
onepeice_1335,3651677_16981161826600_500.jpg
onepeice_1336,3654882_16981388228920_500.jpg
onepeice_1337,3656062_16981988583883_500.jpg
onepeice_1338,3656363_16982005323490_500.jpg
onepeice_1339,3656988_16982071380329_500.jpg
onepeice_1340,3657549_16993441818831_500.jpg
onepeice_1341,3658088_16982159564150_500.jpg
onepeice_1342,3658622_16982195438573_500.jpg
onepeice_1343,3658624_16982195765467_500.jpg
onepeice_1344,3658934_16982227907227_500.jpg
onepeice_1345,3658940_16982227421364_500.jpg
onepeice_1346,3659682_16994851782392_500.jpg
onepeice_1347,3659683_16992111038512_500.jpg
onepeice_1348,3660448_16983977203612_500.jpg
onepeice_1349,3660560_16983979935894_500.jpg
onepeice_1350,3661648_16995766195187_500.jpg
onepeice_1351,3664737_16983847332727_500.jpg
onepeice_1352,3666075_16983980491575_500.jpg
onepeice_1353,3666770_16986101942791_500.jpg
onepeice_1354,3670978_16987163803699_500.jpg
onepeice_1355,3673160_16987448601334_500.jpg
onepeice_1356,3674444_16987985475756_500.jpg
onepeice_1357,3675311_16988082460127_500.jpg
onepeice_1358,3675406_16988116351508_500.jpg
onepeice_1359,3678910_16989000763962_500.jpg
onepeice_1360,3679916_16999699763828_500.jpg
onepeice_1361,3679917_16999699224529_500.jpg
onepeice_1362,3681327_16989236209465_500.jpg
onepeice_1363,3681444_16989176346621_500.jpg
onepeice_1364,3682102_17006221937000_500.jpg
onepeice_1365,3684448_17018477781653_500.jpg
onepeice_1366,3685583_16991828620866_500.jpg
onepeice_1367,3687741_17065883946573_500.jpg
onepeice_1368,3691638_16994351003801_500.jpg
onepeice_1369,3696100_16994203665088_500.jpg
onepeice_1370,3697184_16995019488559_500.jpg
onepeice_1371,3697297_16995022527545_500.jpg
onepeice_1372,3697603_16995084015526_500.jpg
onepeice_1373,3701082_16995136311823_500.jpg
onepeice_1374,3701426_16998430669033_500.jpg
onepeice_1375,3701916_16998433537732_500.jpg
onepeice_1376,3704224_17012598711562_500.jpg
onepeice_1377,3704229_17012599427628_500.jpg
onepeice_1378,3704233_17012599777193_500.jpg
onepeice_1379,3704650_17000135591851_500.jpg
onepeice_1380,3706853_16998620279385_500.jpg
onepeice_1381,3708253_16999281737141_500.jpg
onepeice_1382,3708502_16999323157126_500.jpg
onepeice_1383,3710065_16999493037867_500.jpg
onepeice_1384,3711428_17000159517730_500.jpg
onepeice_1385,3713878_17000338932395_500.jpg
onepeice_1386,3716000_17001045798475_500.jpg
onepeice_1387,3717557_17004627261295_500.jpg
onepeice_1388,3720363_17007232579850_500.jpg
onepeice_1389,3721892_17003117009471_500.jpg
onepeice_1390,3721936_17004009877411_500.jpg
onepeice_1391,3722299_17004094364166_500.jpg
onepeice_1392,3722373_17004216837818_500.jpg
onepeice_1393,3722830_17004480225144_500.jpg
onepeice_1394,3725543_17005305949790_500.jpg
onepeice_1395,3725795_17005684805971_500.jpg
onepeice_1396,3726659_17005505295239_500.jpg
onepeice_1397,3726925_17005520768453_500.jpg
onepeice_1398,3727696_17006140028133_500.jpg
onepeice_1399,3728071_17006220911699_500.jpg
onepeice_1400,3728609_17018398164819_500.jpg
onepeice_1401,3729300_17006445081649_500.jpg
onepeice_1402,3733247_17010639366418_500.jpg
onepeice_1403,3733248_17010640902148_500.jpg
onepeice_1404,3733657_17010648672185_500.jpg
onepeice_1405,3733664_17010670444831_500.jpg
onepeice_1406,3734143_17010668272220_500.jpg
onepeice_1407,3734814_17010834899492_500.jpg
onepeice_1408,3737034_17020442229795_500.jpg
onepeice_1409,3737312_17012368729882_500.jpg
onepeice_1410,3738122_17013123786786_500.jpg
onepeice_1411,3741891_17014241418031_500.jpg
onepeice_1412,3744377_17017467745025_500.jpg
onepeice_1413,3744924_17017576762676_500.jpg
onepeice_1414,3745316_17046989479296_500.jpg
onepeice_1415,3747756_17050486778184_500.jpg
onepeice_1416,3748138_17019290511059_500.jpg
onepeice_1417,3750164_17046988740708_500.jpg
onepeice_1418,3750214_17046988670724_500.jpg
onepeice_1419,3750371_17020192492799_500.jpg
onepeice_1420,3750645_17020272154255_500.jpg
onepeice_1421,3755399_17024615375614_500.jpg
onepeice_1422,3756707_17025418802458_500.jpg
onepeice_1423,3757126_17031526503848_500.jpg
onepeice_1424,3757306_17031632818935_500.jpg
onepeice_1425,3757451_17059937231202_500.jpg
onepeice_1426,3759434_17028849592289_500.jpg
onepeice_1427,3759780_17028891425970_500.jpg
onepeice_1428,3762214_17030520630617_500.jpg
onepeice_1429,3763779_17031309448439_500.jpg
onepeice_1430,3764370_17035807159200_500.jpg
onepeice_1431,3764567_17031548709788_500.jpg
onepeice_1432,3764571_17031551799103_500.jpg
onepeice_1433,3768148_17056417700107_500.jpg
onepeice_1434,3769114_17036982237354_500.jpg
onepeice_1435,3769116_17036993110784_500.jpg
onepeice_1436,3771093_17041852136332_500.jpg
onepeice_1437,3771785_17041783543434_500.jpg
onepeice_1438,3773118_17042576390740_500.jpg
onepeice_1439,3773871_17042703939832_500.jpg
onepeice_1440,3774656_17042946042295_500.jpg
onepeice_1441,3774666_17042972220418_500.jpg
onepeice_1442,3780446_17046885378275_500.jpg
onepeice_1443,3782076_17047606849408_500.jpg
onepeice_1444,3782079_17047607045797_500.jpg
onepeice_1445,3782082_17047607216651_500.jpg
onepeice_1446,3782376_17047655758747_500.jpg
onepeice_1447,3782426_17047657430102_500.jpg
onepeice_1448,3782430_17059838568437_500.jpg
onepeice_1449,3782805_17047700271549_500.jpg
onepeice_1450,3783873_17047828589420_500.jpg
onepeice_1451,3784062_17047854107068_500.jpg
onepeice_1452,3784861_17048155324407_500.jpg
onepeice_1453,3784920_17048344031602_500.jpg
onepeice_1454,3787308_17049278262658_500.jpg
onepeice_1455,3788069_17050452063782_500.jpg
onepeice_1456,3788421_17049413798091_500.jpg
onepeice_1457,3791275_17050228039242_500.jpg
onepeice_1458,3795269_17052981813720_500.jpg
onepeice_1459,3796188_17053125574318_500.jpg
onepeice_1460,3796191_17053125819463_500.jpg
onepeice_1461,3797488_17053826365626_500.jpg
onepeice_1462,3800325_17054623058186_500.jpg
onepeice_1463,3801368_17054705636290_500.jpg
onepeice_1464,3803381_17055464996476_500.jpg
onepeice_1465,3803388_17055464418037_500.jpg
onepeice_1466,3806406_17055658687741_500.jpg
onepeice_1467,3809211_17056449597944_500.jpg
onepeice_1468,3812036_17058999086286_500.jpg
onepeice_1469,3814866_17059845894597_500.jpg
onepeice_1470,3815074_17059867761432_500.jpg
onepeice_1471,3815333_17059895750791_500.jpg
onepeice_1472,3815635_17059913083336_500.jpg
onepeice_1473,3815709_17059916978804_500.jpg
onepeice_1474,542487_1_500.jpg
onepeice_1475,543343_16774991052179_500.jpg
onepeice_1476,545790_3_500.jpg
onepeice_1477,746290_2_500.jpg
onepeice_1478,793350_2_500.jpg
onepeice_1479,800286_1_500.jpg
onepeice_1480,812541_1_500.jpg
onepeice_1481,823166_1_500.jpg
onepeice_1482,823542_1_500.jpg
onepeice_1483,853131_1_500.jpg
onepeice_1484,865558_1_500.jpg
onepeice_1485,871975_1_500.jpg
onepeice_1486,907857_1_500.jpg
onepeice_1487,961211_1_500.jpg
onepeice_1488,973803_1_500.jpg
onepeice_1489,995468_3_500.jpg
